"time","prev_time","pause_mean","pause_cnt","pause_cnt1s","pause_ratio","pause_ratio1s","event_cnt","event_keyboard_cnt","event_mouse_cnt","event_focus_cnt","event_browser_cnt","src_id","ui_id","tgt_len","user_id","edit_distance","rank"
"59163","1","5690.0","10","8","0.961749742238","0.947686898906","31","7","22","2","0","0","2","24","26","2","7"
"106904","59163","1582.21428571","56","16","0.828818379106","0.617011524358","269","242","25","2","0","1","2","35","26","15","1"
"166091","106904","1656.43902439","82","25","0.817792655833","0.611297421293","346","334","10","2","0","2","2","31","26","13","14"
"157377","166091","2701.39622642","53","18","0.909751742631","0.790528476207","209","169","36","4","0","3","2","17","26","6","14"
"114267","157377","1250.15277778","72","23","0.787725240008","0.573035084495","294","278","14","2","0","4","2","21","26","13","12"
"76029","114267","2294.93103448","29","9","0.875363348196","0.739165318497","273","256","15","2","0","5","2","25","26","1","3"
"145580","76029","2037.96825397","63","21","0.881934331639","0.730684159912","281","257","22","2","0","6","2","36","26","12","2"
"243789","145580","2084.93137255","102","39","0.872324017901","0.72593513243","444","419","23","2","0","7","2","37","26","19","14"
"199985","243789","2870.26984127","63","24","0.904202815211","0.805890441783","243","223","18","2","0","8","2","24","26","8","4"
"149009","199985","3928.38888889","36","23","0.949083612399","0.901462327779","127","104","18","5","0","9","2","16","26","2","4"
"140005","149009","5286.44","25","8","0.94397342952","0.876925824078","173","154","17","2","0","10","2","24","26","2","5"
"134074","140005","5346.20833333","24","16","0.957001357459","0.927137252562","108","75","31","2","0","11","2","30","26","3","5"
"41785","134074","1452.82608696","23","10","0.799688883571","0.638458777073","203","195","6","2","0","12","2","32","26","5","5"
"83813","41785","6621.83333333","12","6","0.948086812308","0.906935678236","55","45","8","2","0","13","2","21","26","1","4"
"420419","83813","2753.79259259","135","51","0.884265458983","0.789405331348","463","413","48","2","0","14","1","46","26","20","14"
"212045","420419","3224.28070175","57","22","0.866721686434","0.779631681954","261","222","37","2","0","15","1","21","26","7","3"
"225912","212045","2575.05128205","78","37","0.889080703991","0.79620383158","247","185","49","13","0","16","1","19","26","14","5"
"371494","225912","2370.36363636","132","45","0.842242404992","0.726111323467","498","488","8","2","0","17","1","38","26","18","7"
"196450","371494","1850.4494382","89","25","0.83833036396","0.659837108679","290","279","9","2","0","18","1","29","26","18","9"
"206686","196450","1581.60185185","108","48","0.826437204262","0.672159701189","430","383","45","2","0","19","1","30","26","21","4"
"101183","206686","1880.06666667","45","18","0.836138481761","0.692725062511","148","137","9","2","0","20","1","12","26","5","7"
"318142","101183","4915.77966102","59","27","0.911640085245","0.857547887421","219","204","11","4","0","21","1","26","26","12","14"
"74574","318142","1700.66666667","36","15","0.820983184488","0.707498592003","111","100","9","2","0","22","1","14","26","9","16"
"119694","74574","1857.51785714","56","14","0.869057763965","0.697052483834","142","134","6","2","0","23","1","16","26","8","4"
"276917","119694","2278.68224299","107","40","0.880476821575","0.738762878408","379","365","12","2","0","24","1","24","26","8","15"
"116871","276917","1462.44444444","63","19","0.788339280061","0.575591891915","259","245","12","2","0","25","1","16","26","6","12"
"179232","116871","2366.44927536","69","24","0.911025932869","0.787643947509","168","158","5","5","0","26","1","18","26","6","12"
"97606","1","1993.25531915","47","26","0.959807798701","0.825984058357","87","23","59","5","0","0","2","26","20","8","5"
"94815","97606","1824.20408163","49","28","0.942741127459","0.813035912039","79","35","43","1","0","1","2","37","20","11","10"
"136864","94815","2218.54237288","59","36","0.956380056114","0.867130874445","107","37","69","1","0","2","2","28","20","7","8"
"65772","136864","1630.18918919","37","19","0.91706197166","0.735966672748","88","25","62","1","0","3","2","18","20","7","2"
"52750","65772","1659.03333333","30","18","0.943526066351","0.818957345972","55","16","38","1","0","4","2","20","20","5","3"
"35879","52750","2633.23076923","13","7","0.954095710583","0.844421527913","26","2","23","1","0","5","2","25","20","1","3"
"162166","35879","2105.79452055","73","38","0.947936065513","0.825055807013","155","24","128","3","0","6","2","32","20","10","6"
"97653","162166","1646.76785714","56","25","0.944353988101","0.743213214136","112","29","82","1","0","7","2","34","20","9","10"
"91622","97653","1383.37704918","61","26","0.921023335007","0.687269433106","119","52","64","3","0","8","2","28","20","10","4"
"108050","91622","3008.94117647","34","19","0.946820916242","0.87845441925","79","27","49","3","0","9","2","17","20","6","5"
"61025","108050","2927.65","20","10","0.959492011471","0.873281442032","38","12","25","1","0","10","2","25","20","5","5"
"52068","61025","2286.54545455","22","12","0.966121226089","0.831796881002","42","6","35","1","0","11","2","30","20","4","13"
"58437","52068","1658.51515152","33","17","0.936581275562","0.782398138166","61","24","36","1","0","12","2","32","20","7","10"
"88982","58437","2783.80645161","31","14","0.969836596166","0.848261446135","57","17","37","3","0","13","2","22","20","4","10"
"308603","88982","1125.7219917","241","77","0.879119775245","0.589615136599","491","354","134","3","0","14","1","46","20","25","5"
"95656","308603","1012.08","75","20","0.793530986033","0.490904909258","195","168","26","1","0","15","1","25","20","12","10"
"104685","95656","1003.7752809","89","23","0.853379185175","0.544882265845","187","159","27","1","0","16","1","22","20","12","13"
"295494","104685","1178.70588235","221","65","0.881554278598","0.609931166115","454","356","97","1","0","17","1","45","20","23","12"
"212812","295494","1067.18452381","168","52","0.84246659023","0.555546679699","411","267","139","5","0","18","1","36","20","21","11"
"273798","212812","1467.5297619","168","65","0.900463115143","0.694186955347","368","212","147","9","0","19","1","28","20","22","8"
"91902","273798","1275.90322581","62","24","0.860764727645","0.645633392092","167","79","81","7","0","20","1","10","20","8","5"
"127115","91902","939.424778761","113","30","0.835109939818","0.498052944184","261","200","58","3","0","21","1","28","20","17","6"
"70457","127115","856.863636364","66","15","0.802659778304","0.42063953901","149","137","11","1","0","22","1","16","20","9","7"
"122611","70457","1348.3375","80","29","0.879749777752","0.668292404434","187","124","60","3","0","23","1","17","20","7","1"
"148211","122611","1155.02727273","110","34","0.857244064206","0.591953363785","253","187","63","3","0","24","1","27","20","9","3"
"102217","148211","1296.7761194","67","22","0.849995597601","0.630942015516","183","106","72","5","0","25","1","16","20","5","3"
"125044","102217","1149.64893617","94","29","0.86423179041","0.58292281117","210","138","69","3","0","26","1","19","20","9","8"
"89058","1","992.21875","64","13","0.713040939612","0.38056098273","246","220","25","1","0","0","2","24","21","8","14"
"157506","89058","1321.58064516","93","28","0.780332177822","0.565254656965","383","319","56","8","0","1","2","32","21","22","6"
"146693","157506","1067.92156863","102","24","0.742557586252","0.437355565705","425","370","54","1","0","2","2","27","21","13","16"
"81650","146693","1250.85714286","49","19","0.75066748316","0.543821187998","219","171","47","1","0","3","2","18","21","8","3"
"147148","81650","1190.5106383","94","30","0.76051322478","0.530764944138","403","372","30","1","0","4","2","21","21","8","1"
"64848","147148","1053.84210526","38","15","0.617536392795","0.433891561806","206","195","10","1","0","5","2","24","21","6","3"
"223343","64848","1098.15151515","165","33","0.811285780168","0.508249642926","668","553","106","9","0","6","2","34","21","13","2"
"138454","223343","1628.67164179","67","22","0.788139020902","0.620856024384","309","246","60","3","0","7","2","34","21","11","12"
"115455","138454","1465.07575758","66","19","0.837512450738","0.612082629596","268","182","80","6","0","8","2","27","21","8","7"
"101295","115455","1399.01612903","62","13","0.856300903302","0.598015696727","263","158","100","5","0","9","2","16","21","10","8"
"133283","101295","1347.79012346","81","25","0.819091707119","0.594269336675","420","286","125","9","0","10","2","24","21","7","8"
"245720","133283","2426.72631579","95","43","0.938218297249","0.822468663519","282","146","127","9","0","11","2","30","21","4","1"
"300782","245720","1945.68613139","137","46","0.886219920075","0.729960569449","616","490","110","16","0","12","2","31","21","8","10"
"90045","300782","1580.58","50","16","0.877661169415","0.664012438225","225","140","79","6","0","13","2","20","21","5","6"
"271200","90045","2418.13684211","95","33","0.84706120944","0.71659660767","437","332","88","17","0","14","1","42","21","19","1"
"231687","271200","5444.79487179","39","18","0.916525312167","0.867933893572","180","148","24","8","0","15","1","21","21","5","6"
"74890","231687","1702.42424242","33","12","0.75016691147","0.617759380425","171","151","17","3","0","16","1","23","21","12","1"
"110161","74890","901.328767123","73","17","0.597280344223","0.339966049691","393","381","11","1","0","17","1","42","21","18","12"
"204242","110161","2234.2972973","74","18","0.809520079122","0.6731230599","384","284","89","11","0","18","1","30","21","16","16"
"235820","204242","1362.64788732","142","28","0.820524128573","0.55580527521","539","425","107","7","0","19","1","28","21","24","13"
"58952","235820","1467.16666667","30","10","0.746624372371","0.561049667526","148","111","32","5","0","20","1","14","21","9","13"
"154257","58952","1381.17777778","90","25","0.805837012259","0.602689018975","360","281","74","5","0","21","1","24","21","14","11"
"98858","154257","1418.2","55","10","0.789020615428","0.548170102571","223","154","57","12","0","22","1","16","21","9","13"
"79800","98858","1664.80555556","36","10","0.751040100251","0.577719298246","205","194","10","1","0","23","1","19","21","14","7"
"123755","79800","1711.33333333","57","13","0.788218657832","0.600896933457","287","257","27","3","0","24","1","25","21","10","11"
"103897","123755","3363.51851852","27","8","0.874086836001","0.780619267159","125","106","16","3","0","25","1","16","21","8","14"
"109208","103897","1582.92727273","55","15","0.797203501575","0.611960662223","250","175","64","11","0","26","1","18","21","7","4"
"51032","1","2674.82352941","17","6","0.891048753723","0.772809217746","57","38","17","2","0","0","2","26","17","6","1"
"150332","51032","1692.17948718","78","30","0.877990048692","0.68261581034","253","139","100","14","0","1","2","34","17","15","3"
"109850","150332","1474.3968254","63","26","0.845580336823","0.653682294037","214","152","56","6","0","2","2","29","17","12","3"
"91031","109850","1179.14285714","63","20","0.816051674704","0.556777361558","197","136","59","2","0","3","2","20","17","12","7"
"54501","91031","1497.41935484","31","10","0.851727491239","0.663529109558","100","78","20","2","0","4","2","20","17","7","2"
"42471","54501","3331.45454545","11","5","0.86284759012","0.772244590426","55","31","22","2","0","5","2","24","17","3","3"
"92850","42471","2967.2","30","20","0.958707592892","0.880430802369","72","26","44","2","0","6","2","31","17","9","2"
"71965","92850","1614.51282051","39","14","0.874953102202","0.70500937956","106","77","27","2","0","7","2","30","17","14","1"
"118312","71965","1340.70666667","75","22","0.849896882818","0.614553046183","221","175","41","5","0","8","2","27","17","16","9"
"67740","118312","2340.30769231","26","11","0.898258045468","0.760938883968","91","28","55","8","0","9","2","12","17","8","9"
"83771","67740","2147.83783784","37","15","0.948657650022","0.787062348545","98","31","55","12","0","10","2","25","17","5","5"
"150503","83771","2337.98333333","60","25","0.932067799313","0.807465631914","142","79","59","4","0","11","2","26","17","17","17"
"71900","150503","1713.42105263","38","21","0.905563282337","0.786842837274","91","49","40","2","0","12","2","31","17","25","14"
"48577","71900","1522.22222222","27","6","0.846079420302","0.616258723264","88","68","18","2","0","13","2","20","17","6","12"
"233476","48577","1304.33561644","146","35","0.815642721308","0.57255563741","496","351","137","8","0","14","1","43","17","35","13"
"78785","233476","1176.45098039","51","15","0.761553595228","0.536675763153","175","157","16","2","0","15","1","21","17","7","10"
"69878","78785","1574.05882353","34","13","0.765877672515","0.630413005524","145","128","15","2","0","16","1","22","17","19","15"
"311231","69878","1693.60135135","148","49","0.805360005912","0.648383355129","541","478","61","2","0","17","1","47","17","31","12"
"103974","311231","1342.89285714","56","15","0.723276973089","0.534297035797","257","232","23","2","0","18","1","36","17","14","10"
"199588","103974","1632.05660377","106","38","0.866775557649","0.700302623404","292","244","46","2","0","19","1","30","17","23","16"
"48733","199588","947.282051282","39","10","0.758090000616","0.49412102682","135","112","21","2","0","20","1","10","17","7","11"
"78980","48733","1044.7037037","54","15","0.714282096733","0.46063560395","197","177","18","2","0","21","1","23","17","12","3"
"69120","78980","987.288461538","52","13","0.742751736111","0.449493634259","189","143","39","7","0","22","1","17","17","12","12"
"69451","69120","1129.31914894","47","17","0.7642510547","0.563649191516","160","142","16","2","0","23","1","15","17","9","11"
"103038","69451","1456.76785714","56","16","0.791737029057","0.618344688367","215","176","35","4","0","24","1","24","17","8","15"
"52274","103038","1304.03333333","30","8","0.748383517619","0.545911925623","133","93","36","4","0","25","1","16","17","5","7"
"102900","52274","1548.625","56","16","0.842789115646","0.633265306122","174","126","44","4","0","26","1","18","17","11","13"
"122189","1","3965.82758621","29","15","0.94123857303","0.884449500364","104","57","40","7","0","0","2","20","19","9","16"
"209691","122189","2840.8125","64","24","0.867047226633","0.767357683449","328","232","77","19","0","1","2","37","19","21","2"
"238992","209691","2328.57142857","84","23","0.818437437236","0.693860045525","455","417","31","7","0","2","2","29","19","18","7"
"109910","238992","1822.02040816","49","16","0.812291875171","0.663087981075","194","161","23","10","0","3","2","14","19","11","11"
"106889","109910","2547.30555556","36","15","0.857927382612","0.765008560282","158","104","43","11","0","4","2","17","19","10","6"
"59570","106889","6410.66666667","9","4","0.968541212019","0.918851771026","33","19","12","2","0","5","2","24","19","2","3"
"364388","59570","2783.00884956","113","43","0.863036104372","0.761693579371","545","425","91","14","15","6","2","40","19","30","16"
"358889","364388","4036.86075949","79","32","0.888609012815","0.812334733023","430","354","66","10","0","7","2","35","19","20","11"
"152778","358889","2734.29411765","51","29","0.912755763264","0.839342051866","184","85","82","17","0","8","2","25","19","13","9"
"132205","152778","2417.10869565","46","22","0.841019628607","0.747967172195","213","168","36","9","0","9","2","12","19","12","12"
"146700","132205","2278.38461538","52","22","0.807607361963","0.702515337423","250","189","44","17","0","10","2","21","19","14","1"
"248876","146700","4236.58181818","55","25","0.93625741333","0.872281778878","214","101","90","23","0","11","2","32","19","12","14"
"156994","248876","3399.58139535","43","22","0.93113112603","0.860943730334","146","94","43","9","0","12","2","32","19","10","15"
"172317","156994","2369.234375","64","22","0.879953806067","0.745846318123","283","240","41","2","0","13","2","21","19","20","14"
"316087","172317","2235.51282051","117","39","0.827477877926","0.702116822267","532","420","72","35","5","14","1","40","19","24","6"
"169612","316087","2367.50819672","61","19","0.851460981534","0.730903473811","239","178","53","8","0","15","1","20","19","10","10"
"182998","169612","2489.84126984","63","18","0.8571678379","0.727521612258","263","199","41","23","0","16","1","21","19","18","3"
"289461","182998","2061.91071429","112","39","0.79780695845","0.669786257907","506","426","49","2","29","17","1","39","19","21","7"
"143334","289461","1863.10344828","58","18","0.753903470216","0.598078613588","303","262","30","11","0","18","1","28","19","15","1"
"257668","143334","2578.37209302","86","25","0.86056475775","0.734984553767","329","283","40","6","0","19","1","30","19","18","12"
"81785","257668","1666.92307692","39","15","0.794889038332","0.634236106866","165","135","22","8","0","20","1","10","19","8","9"
"154009","81785","1762.76470588","68","21","0.778318150238","0.628132122149","306","277","27","2","0","21","1","27","19","27","16"
"112369","154009","2313.66666667","39","14","0.803006167181","0.702658206445","198","154","35","9","0","22","1","16","19","8","1"
"119683","112369","1912.28","50","17","0.798893744308","0.657044024632","231","175","43","13","0","23","1","18","19","14","12"
"196426","119683","2569.04761905","63","21","0.823974422938","0.716483561239","297","267","22","8","0","24","1","22","19","7","8"
"101834","196426","3164.55555556","27","9","0.839041970265","0.737455073944","143","100","25","18","0","25","1","16","19","6","3"
"96095","101834","1416.09803922","51","14","0.751558353712","0.560570269005","206","183","17","6","0","26","1","17","19","9","1"
"126739","1","1245.33333333","81","32","0.79590339201","0.601235610191","292","222","69","1","0","0","1","26","66","5","3"
"251863","126739","2193.51020408","98","35","0.853495749673","0.727530443138","406","262","133","11","0","1","1","31","66","25","13"
"97035","251863","1102.49180328","61","20","0.693069511001","0.480208172309","249","214","34","1","0","2","1","28","66","18","2"
"99782","97035","1175.390625","64","25","0.753893487803","0.544837746287","216","154","59","3","0","3","1","21","66","12","5"
"91715","99782","1451.85416667","48","16","0.759842991877","0.554042414","203","154","45","4","0","4","1","22","66","5","13"
"112651","91715","1377.3559322","59","20","0.721378416525","0.549591215347","266","245","20","1","0","5","1","26","66","6","9"
"410155","112651","2294.00625","160","69","0.89488364155","0.775343467713","502","288","198","16","0","6","1","31","66","24","12"
"147505","410155","1574.52702703","74","27","0.789905426935","0.624100877936","291","256","34","1","0","7","1","35","66","21","15"
"185382","147505","1726.56043956","91","34","0.847531044006","0.673889590144","320","186","127","7","0","8","1","28","66","14","16"
"100222","185382","1306.80645161","62","27","0.808425295843","0.608868312347","192","122","67","3","0","9","1","16","66","10","14"
"131404","100222","1536.20588235","68","26","0.794968189705","0.622058689233","258","198","54","6","0","10","1","24","66","10","9"
"121925","131404","1286.66197183","71","21","0.749255689973","0.562969038343","254","230","21","3","0","11","1","29","66","15","8"
"227628","121925","1691.22123894","113","44","0.839562795438","0.672913701302","392","260","121","11","0","12","1","30","66","19","17"
"71665","227628","1062.45098039","51","12","0.756087350869","0.471401660504","166","132","33","1","0","13","1","19","66","8","5"
"325470","71665","2709.37272727","110","51","0.91569422681","0.810129965895","454","156","283","15","0","14","2","46","66","25","6"
"123839","325470","2865.675","40","19","0.925613094421","0.821227561592","161","33","125","3","0","15","2","18","66","7","16"
"163537","123839","2333.0","62","29","0.884484856638","0.765092914753","267","90","169","8","0","16","2","21","66","12","10"
"194583","163537","2602.40298507","67","39","0.896075196703","0.814547005648","231","89","138","3","1","17","2","44","66","16","2"
"74270","194583","2838.29166667","24","13","0.917180557426","0.838952470715","63","39","23","1","0","18","2","34","66","5","1"
"272488","74270","1744.56737589","141","53","0.902733331376","0.707201785033","456","344","111","1","0","19","2","38","66","28","14"
"88112","272488","1587.65957447","47","20","0.846876702379","0.668297167242","142","74","67","1","0","20","2","16","66","10","16"
"77798","88112","2569.35714286","28","13","0.924728142112","0.808169875832","89","17","68","4","0","21","2","27","66","4","8"
"53866","77798","2405.95","20","11","0.893309323135","0.795900939368","63","20","42","1","0","22","2","19","66","4","10"
"74032","53866","2016.45454545","33","19","0.898841041712","0.798560082127","88","42","45","1","0","23","2","16","66","8","7"
"160803","74032","2916.20408163","49","22","0.888627699732","0.796776179549","221","125","92","4","0","24","2","25","66","8","5"
"95931","160803","2343.71052632","38","17","0.928386027457","0.797573255778","96","30","63","3","0","25","2","19","66","10","13"
"101713","95931","3532.07407407","27","18","0.937598930324","0.867657034991","78","16","61","1","0","26","2","21","66","5","4"
"113554","1","1125.17283951","81","30","0.802604928052","0.555770822692","260","216","42","2","0","0","1","24","70","14","13"
"172716","113554","1451.84210526","95","28","0.798565274786","0.592186016351","394","319","67","8","0","1","1","36","70","22","17"
"138227","172716","2376.28","50","21","0.859557105341","0.729387167485","206","169","31","6","0","2","1","25","70","20","10"
"125292","138227","1534.48529412","68","24","0.832814545222","0.646465855761","256","170","79","7","0","3","1","18","70","8","1"
"96904","125292","1401.94642857","56","21","0.810172954677","0.619437794106","217","151","61","5","0","4","1","18","70","16","3"
"115433","96904","1866.76470588","51","24","0.8247641489","0.687697625462","214","195","17","2","0","5","1","24","70","25","12"
"253668","115433","1663.90625","128","58","0.839601368718","0.684110727407","482","353","124","5","0","6","1","40","70","27","7"
"189762","253668","1644.11578947","95","36","0.823088921913","0.655162782854","396","338","52","6","0","7","1","42","70","20","2"
"219129","189762","1563.02542373","118","37","0.841682296729","0.646071492135","434","339","90","5","0","8","1","29","70","17","9"
"116251","219129","2202.79545455","44","23","0.83373906461","0.731847467979","215","146","63","6","0","9","1","18","70","10","9"
"188287","116251","1417.92105263","114","37","0.858492620308","0.647426535024","436","241","181","14","0","10","1","23","70","9","11"
"311389","188287","1654.36875","160","49","0.850058929506","0.650812970272","586","461","116","9","0","11","1","38","70","29","12"
"213407","311389","1436.775","120","40","0.807906957129","0.601484487388","509","344","155","10","0","12","1","33","70","15","2"
"88756","213407","1129.98412698","63","21","0.802075352652","0.547399612421","207","171","34","2","0","13","1","24","70","9","7"
"356372","88756","2264.75","144","59","0.915122400189","0.786428226684","524","286","223","15","0","14","2","49","70","25","1"
"79765","356372","1938.48648649","37","18","0.899191374663","0.755657243152","130","48","80","2","0","15","2","23","70","7","3"
"210148","79765","1798.32692308","104","45","0.889972781088","0.734154024783","365","173","187","5","0","16","2","22","70","15","16"
"320570","210148","2243.67424242","132","62","0.923869981595","0.795551673581","475","225","234","13","3","17","2","44","70","13","3"
"140604","320570","2383.01886792","53","23","0.89826747461","0.770305254474","222","86","134","2","0","18","2","30","70","8","15"
"223213","140604","2114.43877551","98","42","0.928328547172","0.789886789748","285","223","60","2","0","19","2","34","70","21","2"
"55096","223213","1312.22222222","36","11","0.857412516335","0.608029621025","156","120","34","2","0","20","2","10","70","7","1"
"153057","55096","1515.56470588","85","33","0.841666830005","0.659773809757","357","240","108","9","0","21","2","26","70","9","11"
"39528","153057","1372.46153846","26","10","0.902752479255","0.657888079336","68","32","34","2","0","22","2","18","70","4","13"
"167960","39528","1975.28571429","77","34","0.905554894022","0.756084782091","260","129","124","7","0","23","2","19","70","11","9"
"162291","167960","1783.82278481","79","29","0.86832911252","0.692490649512","305","154","149","2","0","24","2","29","70","12","1"
"54392","162291","1120.73809524","42","12","0.865403000441","0.547286365642","147","80","65","2","0","25","2","16","70","9","1"
"66218","54392","1120.5","50","15","0.846069044671","0.561750581413","182","125","55","2","0","26","2","20","70","9","10"
"94238","1","1142.28333333","60","19","0.727275621299","0.483966128313","231","181","49","1","0","0","1","24","68","8","5"
"187465","94238","1591.75","96","33","0.815128157256","0.627834529112","385","237","138","10","0","1","1","32","68","19","14"
"115083","187465","1483.84745763","59","28","0.760729212829","0.621994560448","262","182","79","1","0","2","1","28","68","18","12"
"87704","115083","1201.83928571","56","24","0.767388032473","0.576963422421","218","138","75","5","0","3","1","18","68","7","13"
"93701","87704","1206.38983051","59","21","0.75961836053","0.538628189667","229","151","74","4","0","4","1","20","68","10","14"
"80277","93701","1223.13333333","45","17","0.685638476774","0.485755571334","227","180","46","1","0","5","1","23","68","6","13"
"276876","80277","2021.4122807","114","37","0.832289544778","0.691771767867","438","356","76","6","0","6","1","29","68","23","5"
"178197","276876","1951.97297297","74","33","0.810597260335","0.684921743913","319","212","106","1","0","7","1","34","68","22","17"
"128126","178197","1596.2238806","67","23","0.834701777937","0.662519707163","228","155","69","4","0","8","1","21","68","15","14"
"131963","128126","2811.5","40","20","0.852208573615","0.777513393906","178","145","27","6","0","9","1","15","68","7","15"
"120776","131963","1529.0483871","62","24","0.784932436908","0.615850831291","259","178","77","4","0","10","1","22","68","16","12"
"145213","120776","2119.31481481","54","23","0.788104370821","0.682018827515","245","219","21","5","0","11","1","34","68","19","10"
"148451","145213","1617.02857143","70","26","0.762487285367","0.604057904628","331","230","94","7","0","12","1","33","68","16","12"
"63170","148451","1213.0","35","13","0.672075352224","0.486433433592","171","140","30","1","0","13","1","25","68","10","7"
"129925","63170","2117.875","56","23","0.912842024245","0.766865499327","155","76","75","4","0","14","2","44","68","14","1"
"27982","129925","1770.33333333","15","7","0.949002930455","0.766564219856","33","10","22","1","0","15","2","20","68","4","6"
"97323","27982","1953.79069767","43","21","0.8632389055","0.726816888094","149","75","73","1","0","16","2","22","68","12","2"
"5680","97323","756.0","5","1","0.665492957746","0.264612676056","46","0","21","1","24","17","2","44","68","0","16"
"66175","5680","2368.03846154","26","12","0.930396675482","0.827759727994","65","29","35","1","0","18","2","35","68","5","14"
"73425","66175","2233.29032258","31","14","0.942894109636","0.811426625809","67","30","36","1","0","19","2","32","68","12","10"
"40030","73425","1980.52631579","19","9","0.940044966275","0.80696977267","44","18","25","1","0","20","2","13","68","5","12"
"21104","40030","3916.0","5","3","0.927786201668","0.863722517058","18","5","12","1","0","21","2","28","68","1","3"
"34353","21104","1902.23529412","17","7","0.94134427852","0.770937036067","40","7","30","3","0","22","2","17","68","3","5"
"14865","34353","3633.0","4","2","0.977598385469","0.916515304406","8","0","7","1","0","23","2","15","68","0","1"
"52679","14865","2045.69565217","23","10","0.893164259003","0.704512234477","69","31","37","1","0","24","2","25","68","6","7"
"18396","52679","1574.18181818","11","4","0.941291585127","0.717492933246","24","4","19","1","0","25","2","16","68","2","2"
"45629","18396","2650.875","16","11","0.929540423853","0.850950053694","44","15","28","1","0","26","2","20","68","4","13"
"283007","1","2154.88073394","109","43","0.82995120262","0.701996770398","414","334","75","5","0","0","1","28","62","18","10"
"471252","283007","3079.51094891","137","67","0.895259860966","0.808126013258","496","319","154","23","0","1","1","34","62","26","11"
"411412","471252","3584.15686275","102","44","0.888608013378","0.81058889872","417","333","75","9","0","2","1","30","62","25","13"
"211614","411412","1757.06185567","97","35","0.805405124425","0.653085334619","363","279","79","5","0","3","1","18","62","16","16"
"152809","211614","2046.9516129","62","21","0.830520453638","0.668200171456","224","171","46","7","0","4","1","20","62","17","16"
"161237","152809","2039.2","60","28","0.758833270279","0.658217406675","329","293","31","5","0","5","1","26","62","23","10"
"494056","161237","2754.26712329","146","66","0.81392190359","0.722061871529","853","673","165","15","0","6","1","38","62","31","13"
"269394","494056","2626.69662921","89","38","0.867784731657","0.758944148719","363","265","91","7","0","7","1","33","62","26","16"
"221862","269394","3161.33898305","59","29","0.840698271899","0.768950969522","342","256","75","11","0","8","1","30","62","15","9"
"245739","221862","3115.4057971","69","29","0.874761433879","0.783945568266","336","228","99","9","0","9","1","14","62","6","13"
"417085","245739","2351.51655629","151","61","0.851334859801","0.728789095748","602","470","123","9","0","10","1","24","62","22","13"
"512996","417085","2600.37724551","167","69","0.846523169771","0.739686079424","757","578","162","17","0","11","1","30","62","21","14"
"423468","512996","3137.75","116","57","0.859519491437","0.77768568109","571","415","143","13","0","12","1","27","62","21","13"
"104974","423468","1349.01886792","53","15","0.681101987159","0.478213652905","275","228","44","3","0","13","1","18","62","11","14"
"806007","104974","5019.54","150","70","0.934149455278","0.879168543201","701","249","423","29","0","14","2","50","62","20","9"
"195650","806007","3112.21052632","57","31","0.906700741119","0.831004344493","229","116","104","9","0","15","2","26","62","12","10"
"257416","195650","4137.69642857","56","25","0.900142182304","0.837461540852","270","158","103","9","0","16","2","18","62","16","14"
"168893","257416","3623.43589744","39","22","0.836707264363","0.783644082348","227","191","33","3","0","17","2","43","62","17","3"
"165938","168893","3578.69767442","43","20","0.927358410973","0.835305957647","154","82","67","5","0","18","2","29","62","7","4"
"329676","165938","2487.14285714","112","41","0.84495080018","0.730650699475","479","352","114","13","0","19","2","31","62","25","7"
"42330","329676","1314.2173913","23","7","0.714079848807","0.48648712497","121","90","30","1","0","20","2","10","62","6","3"
"100271","42330","1674.9787234","47","20","0.785112345544","0.630421557579","194","157","36","1","0","21","2","25","62","17","1"
"207940","100271","3976.14583333","48","27","0.917836876022","0.852967202078","212","91","112","9","0","22","2","14","62","6","15"
"72005","207940","2589.54166667","24","15","0.863120616624","0.798902853968","85","62","22","1","0","23","2","16","62","7","10"
"228885","72005","2490.60759494","79","27","0.859636935579","0.739594119318","297","244","50","3","0","24","2","31","62","18","12"
"64042","228885","1560.26470588","34","20","0.828347022267","0.707207769901","104","77","26","1","0","25","2","19","62","11","9"
"71233","64042","1699.75675676","37","20","0.882891356534","0.744346019401","110","48","61","1","0","26","2","16","62","9","1"
"115448","1","1506.6779661","59","19","0.769991684568","0.578121751784","220","177","39","4","0","0","1","27","64","5","11"
"120551","115448","1126.68055556","72","19","0.672918515815","0.437325281416","332","248","78","6","0","1","1","34","64","20","7"
"99032","120551","1438.44897959","49","16","0.711729541966","0.522386703288","220","195","24","1","0","2","1","27","64","12","6"
"144508","99032","1594.42465753","73","29","0.805443297257","0.65054529853","261","186","69","6","0","3","1","17","64","8","6"
"81798","144508","1186.01960784","51","15","0.739467957652","0.538375021394","183","151","28","4","0","4","1","19","64","9","3"
"128664","81798","1814.22807018","57","22","0.803729092831","0.657697568862","211","173","34","4","0","5","1","25","64","9","14"
"273519","128664","1784.54761905","126","48","0.822074517675","0.664948321689","498","335","153","10","0","6","1","30","64","26","11"
"227082","273519","2335.46987952","83","33","0.853629966268","0.734765415136","320","229","81","10","0","7","1","34","64","19","6"
"123887","227082","1424.28787879","66","19","0.758780178711","0.556482923955","248","210","37","1","0","8","1","28","64","16","9"
"214237","123887","1954.54444444","90","39","0.821095329005","0.688391827742","355","250","97","8","0","9","1","20","64","10","7"
"221174","214237","1656.15454545","110","43","0.823681807084","0.655402533752","456","247","196","13","0","10","1","22","64","9","13"
"133145","221174","1143.42352941","85","26","0.729963573548","0.491704532652","341","242","96","3","0","11","1","28","64","14","7"
"243761","133145","1674.69026549","113","41","0.7763341962","0.624800521823","537","344","180","13","0","12","1","34","64","19","8"
"58664","243761","987.428571429","42","11","0.706941224601","0.434695895268","138","124","13","1","0","13","1","20","64","5","1"
"302962","58664","3196.15730337","89","42","0.938923033252","0.850159425935","375","85","271","16","3","14","2","43","64","11","9"
"60292","302962","1539.40625","32","12","0.81704040337","0.624096065813","127","60","63","4","0","15","2","23","64","5","6"
"144826","60292","1747.796875","64","20","0.772368221176","0.607266651016","308","197","106","5","0","16","2","22","64","12","10"
"221872","144826","2479.0625","80","36","0.893871241076","0.769083074926","237","148","80","4","5","17","2","45","64","17","7"
"79921","221872","1903.13513514","37","16","0.881070056681","0.737578358629","109","54","51","4","0","18","2","31","64","7","4"
"199232","79921","1934.03191489","94","43","0.912498996145","0.769439648249","273","81","183","9","0","19","2","31","64","19","6"
"57792","199232","1523.875","32","15","0.843784606866","0.691029900332","113","48","64","1","0","20","2","10","64","8","7"
"77934","57792","2437.53571429","28","13","0.875753842995","0.767226114404","108","61","44","3","0","21","2","26","64","4","1"
"21663","77934","1228.0","14","6","0.793611226515","0.576097493422","76","5","70","1","0","22","2","17","64","2","5"
"45821","21663","1915.33333333","21","11","0.877807119007","0.753497304729","67","22","44","1","0","23","2","16","64","2","1"
"235464","45821","2224.40659341","91","38","0.859668569293","0.737140284714","330","209","116","5","0","24","2","30","64","14","5"
"132513","235464","2388.65957447","47","18","0.847214990227","0.741640442824","195","123","66","6","0","25","2","19","64","12","8"
"164332","132513","1807.01315789","76","21","0.835704549327","0.656877540589","270","202","64","4","0","26","2","21","64","8","4"
"104653","1","1645.86956522","46","10","0.723438410748","0.54408378164","214","201","12","1","0","0","1","28","65","15","11"
"174059","104653","1623.53658537","82","28","0.764855594942","0.597464078272","339","271","65","3","0","1","1","33","65","24","12"
"126039","174059","1149.5","80","16","0.729615436492","0.478232927903","296","255","38","3","0","2","1","32","65","21","4"
"162622","126039","1576.93589744","78","22","0.756361377919","0.582067616928","397","287","103","7","0","3","1","19","65","12","12"
"119111","162622","1947.64","50","18","0.817573523856","0.671785141591","222","133","82","7","0","4","1","17","65","16","8"
"121201","119111","1685.12962963","54","18","0.750794135362","0.600448841181","260","196","59","5","0","5","1","24","65","13","15"
"453287","121201","1676.76126126","222","67","0.821203784799","0.642321531392","906","558","327","21","0","6","1","36","65","26","9"
"370323","453287","2933.83783784","111","43","0.879383673172","0.777048684527","505","330","166","9","0","7","1","33","65","22","5"
"179456","370323","1763.30864198","81","23","0.795894258203","0.623233550285","379","223","145","11","0","8","1","29","65","17","3"
"241411","179456","1908.33333333","105","35","0.830016030753","0.68789326087","455","287","159","9","0","9","1","19","65","12","9"
"209398","241411","1716.81443299","97","32","0.795284577694","0.62149113172","536","252","264","20","0","10","1","27","65","12","3"
"325082","209398","1981.35820896","134","50","0.816723165232","0.677819750094","641","366","262","13","0","11","1","31","65","24","10"
"379715","325082","1954.72049689","161","48","0.828805814887","0.674893011864","815","458","334","23","0","12","1","33","65","16","4"
"120467","379715","1497.84848485","66","14","0.820623075199","0.584682942217","227","160","61","6","0","13","1","22","65","8","12"
"584840","120467","4173.46923077","130","51","0.927691334382","0.852557964572","602","259","322","21","0","14","2","42","65","25","1"
"109562","584840","1778.30188679","53","19","0.860243515087","0.685319727643","199","141","55","3","0","15","2","23","65","4","1"
"176726","109562","1991.2987013","77","25","0.867614272942","0.722106537804","311","187","116","8","0","16","2","18","65","14","5"
"291756","176726","1804.96428571","140","51","0.866117577702","0.701922154129","529","386","135","5","3","17","2","44","65","19","3"
"238724","291756","1718.20168067","119","35","0.856495367035","0.653185268343","539","350","176","13","0","18","2","30","65","13","13"
"187559","238724","1815.01075269","93","36","0.899962145245","0.730724731951","372","148","210","14","0","19","2","29","65","17","5"
"278975","187559","1716.41221374","131","42","0.80598619948","0.625020163097","566","439","120","7","0","20","2","13","65","7","3"
"109998","278975","2244.0952381","42","19","0.856851942763","0.747522682231","174","133","40","1","0","21","2","28","65","14","13"
"49343","109998","2489.83333333","18","8","0.908274729952","0.771659607239","49","22","26","1","0","22","2","17","65","5","8"
"313713","49343","2358.25862069","116","52","0.872000841534","0.750373749255","428","308","119","1","0","23","2","16","65","8","13"
"275363","313713","2059.47008547","117","38","0.875055835388","0.716312649121","436","308","123","5","0","24","2","24","65","8","3"
"112536","275363","1858.7755102","49","21","0.809341010877","0.681426388","186","131","52","3","0","25","2","19","65","11","10"
"197898","112536","2418.01351351","74","31","0.904167803616","0.779957351767","296","102","179","15","0","26","2","18","65","10","11"
"51311","1","4151.16666667","12","7","0.970824969305","0.915339790688","31","4","25","2","0","0","2","25","7","2","8"
"115193","51311","1789.87931034","58","29","0.901209274869","0.749385813374","192","42","122","28","0","1","2","35","7","12","8"
"107429","115193","1550.44897959","49","16","0.707183349003","0.540952629178","277","209","60","8","0","2","2","30","7","24","15"
"90832","107429","1482.84090909","44","15","0.718304121895","0.540624449533","233","140","82","11","0","3","2","19","7","10","8"
"23943","90832","2869.375","8","4","0.958735329741","0.858914922942","21","2","17","2","0","4","2","22","7","1","6"
"35431","23943","2435.5","14","3","0.962349355085","0.769721430386","31","8","21","2","0","5","2","23","7","2","2"
"259606","35431","1776.96875","128","52","0.876143078357","0.715110590664","510","146","311","52","1","6","2","33","7","22","10"
"263469","259606","2170.94174757","103","42","0.848703263002","0.72730378147","506","212","250","44","0","7","2","31","7","23","2"
"159085","263469","1657.57894737","76","26","0.791878555489","0.616148599805","371","203","138","30","0","8","2","29","7","18","16"
"148938","159085","1929.66153846","65","17","0.842149082168","0.650284010796","309","133","151","25","0","9","2","13","7","14","17"
"224952","148938","1742.75238095","105","31","0.813457982147","0.642101426082","528","208","288","31","1","10","2","21","7","18","16"
"275206","224952","1665.49275362","138","57","0.835148942974","0.679342020159","618","253","298","67","0","11","2","32","7","11","3"
"158623","275206","1403.14634146","82","29","0.725355087219","0.538225856276","431","251","152","28","0","12","2","34","7","18","5"
"167700","158623","2294.28571429","63","26","0.861896243292","0.746630888491","248","138","97","13","0","13","2","21","7","11","1"
"360890","167700","1796.76023392","171","55","0.851356368977","0.669841225858","648","288","296","63","1","14","1","41","7","32","16"
"74112","360890","1207.2173913","46","15","0.74929835924","0.529306994819","210","114","83","13","0","15","1","20","7","7","3"
"95126","74112","1249.18181818","55","13","0.7222525913","0.472037087652","288","151","114","23","0","16","1","18","7","16","5"
"231469","95126","1257.63970588","136","40","0.738928323015","0.511087877858","629","354","238","34","3","17","1","43","7","23","1"
"73812","231469","1190.44736842","38","10","0.61286782637","0.418617568959","232","200","27","5","0","18","1","27","7","20","4"
"190543","73812","2066.92105263","76","30","0.824412337373","0.672945214466","347","209","113","25","0","19","1","29","7","28","15"
"43117","190543","1405.45454545","22","5","0.717118537932","0.514878122318","112","81","24","7","0","20","1","10","7","8","15"
"71616","43117","1532.38709677","31","12","0.663315460232","0.513376899017","188","140","43","5","0","21","1","19","7","20","9"
"66448","71616","1010.92857143","42","7","0.638980857212","0.353780399711","214","144","55","15","0","22","1","18","7","5","3"
"111852","66448","2191.58536585","41","11","0.803338339949","0.673675928906","210","167","36","7","0","23","1","13","7","14","16"
"424849","111852","3187.51219512","123","57","0.922831405982","0.829852488767","471","175","261","35","0","24","1","25","7","25","14"
"133765","424849","1618.10294118","68","28","0.822569431466","0.663364856278","303","130","147","26","0","25","1","17","7","17","14"
"126551","133765","1650.578125","64","23","0.834738563899","0.649872383466","237","128","96","13","0","26","1","14","7","16","16"
"108670","1","1419.59677419","62","14","0.809929143278","0.579663200515","209","180","26","3","0","0","1","25","67","13","3"
"277959","108670","2957.36904762","84","36","0.893725333592","0.804179753129","301","226","67","8","0","1","1","33","67","31","14"
"133478","277959","1810.55737705","61","18","0.827432236024","0.651088568903","215","198","16","1","0","2","1","31","67","18","8"
"191325","133478","2696.47619048","63","24","0.887902783222","0.781215209722","200","178","21","1","0","3","1","18","67","14","3"
"94639","191325","1810.81395349","43","14","0.822758059574","0.685076976722","158","140","17","1","0","4","1","19","67","17","14"
"173082","94639","2832.75471698","53","19","0.867426999919","0.75940305751","223","189","29","5","0","5","1","27","67","10","10"
"196892","173082","2190.66233766","77","24","0.856718403998","0.719160758182","296","244","47","5","0","6","1","31","67","21","8"
"409863","196892","2996.98373984","123","49","0.899395651718","0.799830675128","461","393","62","6","0","7","1","34","67","26","4"
"135202","409863","1857.39344262","61","23","0.838012751291","0.688310823804","251","183","61","7","0","8","1","26","67","13","2"
"225871","135202","3581.05172414","58","22","0.919555852677","0.832922331773","206","145","54","7","0","9","1","18","67","10","1"
"233737","225871","1925.93457944","107","38","0.8816533112","0.717930836795","345","252","84","9","0","10","1","24","67","16","17"
"160306","233737","1746.71794872","78","17","0.849899567078","0.636775916061","294","232","57","5","0","11","1","31","67","8","3"
"336289","160306","4520.31343284","67","30","0.900597402829","0.843714781037","315","272","38","5","0","12","1","37","67","17","5"
"178829","336289","2206.61111111","72","27","0.888424137025","0.767811708392","237","161","69","7","0","13","1","20","67","8","9"
"498458","178829","5154.2826087","92","42","0.951321876668","0.897237079152","342","173","157","12","0","14","2","45","67","17","12"
"147711","498458","5556.11538462","26","16","0.977984036395","0.938359363893","74","10","58","6","0","15","2","20","67","4","6"
"417560","147711","5226.56578947","76","35","0.951286042724","0.894242743558","306","209","85","12","0","16","2","19","67","14","5"
"212332","417560","3184.6557377","61","28","0.914906843999","0.836393007177","254","117","84","4","49","17","2","33","67","16","16"
"66897","212332","4617.07142857","14","6","0.966246617935","0.899816135253","31","15","15","1","0","18","2","32","67","4","12"
"344171","66897","3317.14285714","98","45","0.944530480488","0.858355294316","277","146","114","4","13","19","2","36","67","19","3"
"45647","344171","4502.5","10","6","0.986373693781","0.939601726291","21","5","15","1","0","20","2","9","67","5","9"
"153285","45647","4788.3","30","15","0.937136706136","0.880438399061","93","72","20","1","0","21","2","27","67","13","7"
"125886","153285","7270.76470588","17","7","0.981864544111","0.931755715489","34","19","14","1","0","22","2","17","67","5","9"
"175272","125886","4905.63636364","33","14","0.923627276462","0.865905563924","129","102","26","1","0","23","2","12","67","7","4"
"113162","175272","3869.78571429","28","13","0.957512239091","0.88780686096","63","52","10","1","0","24","2","21","67","7","2"
"100654","113162","4074.70833333","24","12","0.971575893655","0.894837761043","60","12","43","5","0","25","2","16","67","4","3"
"158351","100654","2476.09090909","55","20","0.860019829366","0.72439075219","260","218","41","1","0","26","2","20","67","8","1"
"238347","1","3279.01449275","69","34","0.949254658124","0.873671579672","197","115","76","6","0","0","2","25","9","19","15"
"338851","238347","2114.11888112","143","45","0.89218860207","0.744232715854","553","305","230","18","0","1","2","35","9","24","9"
"73351","338851","1457.2195122","41","12","0.814521956074","0.597033441944","180","117","62","1","0","2","2","29","9","12","11"
"143526","73351","2968.13043478","46","23","0.9512840879","0.862937725569","117","56","50","11","0","3","2","18","9","6","9"
"108632","143526","2726.02702703","37","16","0.928483319832","0.82195853892","126","44","75","7","0","4","2","21","9","7","9"
"50513","108632","1672.32142857","28","11","0.926989091917","0.727020766931","85","45","39","1","0","5","2","21","9","6","3"
"536125","50513","2973.47953216","171","63","0.948407554208","0.844405688972","531","204","294","33","0","6","2","34","9","19","13"
"495393","536125","2143.88118812","202","69","0.874182719578","0.737773848238","749","511","217","21","0","7","2","36","9","21","6"
"111131","495393","2100.25","48","16","0.907145620934","0.745651528376","186","109","70","7","0","8","2","25","9","7","8"
"260952","111131","2415.83673469","98","33","0.90726263834","0.784791839112","370","209","141","20","0","9","2","15","9","10","5"
"195767","260952","2692.58208955","67","26","0.921518948546","0.817170411765","214","97","106","11","0","10","2","26","9","8","10"
"312433","195767","3044.19791667","96","42","0.935378145074","0.843912134762","305","140","146","19","0","11","2","30","9","11","6"
"138163","312433","1611.36486486","74","23","0.863045822688","0.666307187887","299","171","113","15","0","12","2","32","9","15","2"
"90548","138163","877.243589744","78","20","0.755676547246","0.411880991297","252","196","53","3","0","13","2","17","9","7","16"
"400600","90548","2606.72262774","137","65","0.891465302047","0.79416874688","506","367","111","28","0","14","1","44","9","27","9"
"43230","400600","2211.35294118","17","5","0.86960444136","0.744136016655","65","38","26","1","0","15","1","19","9","10","10"
"198938","43230","2259.35443038","79","29","0.89720918075","0.763333299822","276","169","90","17","0","16","1","23","9","15","5"
"402338","198938","2406.64137931","145","59","0.867337909917","0.758499072919","633","441","149","17","26","17","1","41","9","20","7"
"229233","402338","2065.05319149","94","28","0.846802161992","0.686777209215","403","286","105","12","0","18","1","30","9","9","4"
"911081","229233","3371.38823529","255","107","0.943608746094","0.858761185888","758","392","313","53","0","19","1","32","9","27","9"
"51203","911081","1520.57692308","26","9","0.772122727184","0.597933714821","119","85","27","7","0","20","1","9","9","4","5"
"319474","51203","2474.30508475","118","43","0.913902226785","0.792377470467","391","238","131","22","0","21","1","22","9","24","15"
"116829","319474","2469.2195122","41","14","0.86654854531","0.757440361554","169","142","18","9","0","22","1","16","9","7","11"
"219544","116829","3217.79365079","63","24","0.923372991291","0.837025835368","216","134","73","9","0","23","1","14","9","13","15"
"259711","219544","3101.97368421","76","28","0.907739756884","0.806276977101","294","161","122","11","0","24","1","25","9","12","8"
"330304","259711","3275.80208333","96","31","0.952083535168","0.840519642511","332","58","250","24","0","25","1","17","9","9","11"
"92057","330304","1424.64705882","51","18","0.789261001336","0.62401555558","207","179","23","5","0","26","1","16","9","9","13"
"33223","1","2588.08333333","12","6","0.934804201908","0.830027390663","40","27","12","1","0","0","2","25","8","1","9"
"85816","33223","2768.20689655","29","12","0.935466579659","0.823366272024","159","92","62","5","0","1","2","40","8","2","3"
"44023","85816","1248.10344828","29","9","0.822183858438","0.546146332599","138","94","43","1","0","2","2","27","8","5","1"
"48758","44023","1123.67741935","31","9","0.714426350548","0.483223265926","147","109","37","1","0","3","2","16","8","5","17"
"39056","48758","1396.48","25","5","0.893895944285","0.564497132323","55","47","7","1","0","4","2","23","8","4","11"
"20645","39056","3209.0","6","2","0.932622911116","0.85890046016","23","0","22","1","0","5","2","25","8","0","1"
"130109","20645","1299.77906977","86","32","0.859133495761","0.624722348185","249","216","32","1","0","6","2","31","8","15","1"
"98246","130109","1516.86206897","58","21","0.895486839159","0.6940435234","173","153","19","1","0","7","2","32","8","10","9"
"64315","98246","1287.86046512","43","13","0.861043302496","0.632480758765","162","155","6","1","0","8","2","21","8","7","1"
"90615","64315","2750.19354839","31","11","0.940859681068","0.815383766485","107","70","33","4","0","9","2","16","8","4","1"
"33407","90615","2387.07692308","13","5","0.928907115275","0.78558385967","60","44","15","1","0","10","2","22","8","2","1"
"115062","33407","3588.86666667","30","16","0.935721610958","0.877361770176","131","88","39","4","0","11","2","30","8","4","1"
"47948","115062","1137.91891892","37","11","0.878097105197","0.590973554684","119","92","26","1","0","12","2","31","8","7","1"
"19920","47948","1849.8","10","7","0.928614457831","0.85436746988","31","4","26","1","0","13","2","21","8","1","10"
"230296","19920","1384.48461538","130","34","0.78152898878","0.579966651614","422","398","23","1","0","14","1","50","8","25","14"
"81611","230296","1236.77083333","48","13","0.727414196616","0.483451985639","175","158","16","1","0","15","1","22","8","9","2"
"131749","81611","1697.8125","64","19","0.82475009298","0.661257390948","222","208","13","1","0","16","1","23","8","12","3"
"279736","131749","1362.1242236","161","37","0.783960591415","0.561118340149","638","626","11","1","0","17","1","42","8","22","7"
"96946","279736","1652.0","43","13","0.732737812803","0.557588760753","193","180","12","1","0","18","1","25","8","14","1"
"156590","96946","1111.65486726","113","29","0.802203205824","0.540973242225","329","323","5","1","0","19","1","34","8","22","1"
"59859","156590","1540.16666667","30","10","0.771897291969","0.599208139127","124","114","9","1","0","20","1","10","8","7","1"
"90902","59859","1545.34883721","43","14","0.731007018547","0.561241776859","218","189","28","1","0","21","1","23","8","19","3"
"115318","90902","1981.2","50","21","0.859015938535","0.753741826948","166","123","39","4","0","22","1","16","8","10","2"
"61328","115318","908.765957447","47","16","0.69645186538","0.479650404383","178","169","8","1","0","23","1","16","8","4","4"
"89718","61328","1293.62264151","53","14","0.764194476025","0.56731090751","175","165","9","1","0","24","1","25","8","8","13"
"119357","89718","1798.52631579","57","22","0.858902284742","0.712182779393","177","150","24","3","0","25","1","15","8","7","14"
"76242","119357","1399.71428571","42","16","0.771071063194","0.618753442984","161","151","9","1","0","26","1","19","8","7","9"
"105511","1","1504.30909091","55","19","0.784155206566","0.616125332904","212","171","36","5","0","0","1","24","69","5","1"
"157319","105511","2286.51851852","54","22","0.784851162288","0.674889873442","298","233","58","7","0","1","1","33","69","24","5"
"154706","157319","2130.16071429","56","20","0.771068995385","0.656593797267","288","269","18","1","0","2","1","32","69","19","5"
"125706","154706","1499.15625","64","30","0.763257123765","0.598324662307","257","229","27","1","0","3","1","20","69","12","10"
"62656","125706","971.976744186","43","13","0.667055030644","0.425801200204","176","152","23","1","0","4","1","19","69","11","9"
"103293","62656","1484.85416667","48","16","0.690008035394","0.522949280203","286","247","36","3","0","5","1","22","69","20","16"
"263224","103293","2536.01190476","84","28","0.809291705923","0.69645625019","420","383","32","5","0","6","1","33","69","22","15"
"192678","263224","4935.23529412","34","13","0.87087264763","0.820498448188","204","186","17","1","0","7","1","33","69","22","8"
"165285","192678","2080.56060606","66","26","0.830789242823","0.703463714191","291","205","76","10","0","8","1","28","69","19","6"
"162280","165285","3163.04545455","44","22","0.857616465368","0.794749815134","226","166","55","5","0","9","1","16","69","5","3"
"125268","162280","1895.11111111","54","19","0.816936488169","0.668127534566","219","179","37","3","0","10","1","21","69","12","4"
"228076","125268","2261.8902439","82","29","0.813215770182","0.691716796156","404","323","77","4","0","11","1","37","69","20","9"
"230798","228076","2348.27631579","76","34","0.773269265765","0.67884903682","483","412","66","5","0","12","1","36","69","17","8"
"65676","230798","1536.12903226","31","10","0.725074608685","0.558072964249","140","130","9","1","0","13","1","20","69","8","3"
"144521","65676","1767.61428571","70","26","0.856159312487","0.714553594287","232","146","76","7","3","14","2","43","69","14","6"
"57238","144521","1587.03333333","30","12","0.831807540445","0.672280652713","112","58","51","3","0","15","2","21","69","6","10"
"168965","57238","2572.05454545","55","25","0.837232562957","0.746693102122","257","210","44","3","0","16","2","17","69","19","10"
"135911","168965","2285.03921569","51","20","0.857450831794","0.745127325971","198","138","56","1","3","17","2","43","69","11","3"
"47004","135911","3090.64285714","14","4","0.920538677559","0.820717385754","40","24","15","1","0","18","2","31","69","3","8"
"68530","47004","1704.05555556","36","14","0.895169998541","0.733751641617","87","59","27","1","0","19","2","31","69","12","11"
"37589","68530","1424.35","20","7","0.757854691532","0.579398228205","88","56","31","1","0","20","2","12","69","6","14"
"103077","37589","2342.8","40","21","0.90914559019","0.816894166497","108","70","37","1","0","21","2","23","69","13","10"
"29383","103077","1175.66666667","21","10","0.840247762312","0.641084981112","61","31","29","1","0","22","2","17","69","5","3"
"192353","29383","2012.22891566","83","41","0.868273434779","0.75637499805","275","205","69","1","0","23","2","16","69","14","14"
"87959","192353","2338.46875","32","14","0.850748644255","0.749837992701","132","97","34","1","0","24","2","27","69","7","8"
"41935","87959","1159.15151515","33","10","0.912173602003","0.621127936092","68","28","39","1","0","25","2","16","69","6","3"
"80051","41935","2152.0","34","12","0.914017313962","0.747098724563","82","42","37","3","0","26","2","19","69","7","4"
